-- phpMyAdmin SQL Dump
-- version 5.0.1
-- https://www.phpmyadmin.net/
--
-- Host: 127.0.0.1
-- Waktu pembuatan: 02 Agu 2022 pada 03.05
-- Versi server: 10.4.11-MariaDB
-- Versi PHP: 7.3.14

SET SQL_MODE = "NO_AUTO_VALUE_ON_ZERO";
SET AUTOCOMMIT = 0;
START TRANSACTION;
SET time_zone = "+00:00";


/*!40101 SET @OLD_CHARACTER_SET_CLIENT=@@CHARACTER_SET_CLIENT */;
/*!40101 SET @OLD_CHARACTER_SET_RESULTS=@@CHARACTER_SET_RESULTS */;
/*!40101 SET @OLD_COLLATION_CONNECTION=@@COLLATION_CONNECTION */;
/*!40101 SET NAMES utf8mb4 */;

--
-- Database: `zyacbt`
--

-- --------------------------------------------------------

--
-- Struktur dari tabel `cbt_jawaban`
--

CREATE TABLE `cbt_jawaban` (
  `jawaban_id` bigint(20) UNSIGNED NOT NULL,
  `jawaban_soal_id` bigint(20) UNSIGNED NOT NULL,
  `jawaban_detail` text COLLATE utf8_unicode_ci NOT NULL,
  `jawaban_benar` tinyint(1) NOT NULL DEFAULT 0,
  `jawaban_aktif` tinyint(1) NOT NULL DEFAULT 0
) ENGINE=InnoDB DEFAULT CHARSET=utf8 COLLATE=utf8_unicode_ci;

--
-- Dumping data untuk tabel `cbt_jawaban`
--

INSERT INTO `cbt_jawaban` (`jawaban_id`, `jawaban_soal_id`, `jawaban_detail`, `jawaban_benar`, `jawaban_aktif`) VALUES
(626, 215, '<p>14 hari</p>\r\n', 0, 1),
(627, 215, '<p>15 hari</p>\r\n', 0, 1),
(628, 215, '<p>16 hari</p>\r\n', 0, 1),
(629, 215, '<p>17 hari</p>\r\n', 0, 1),
(630, 215, '<p>18 hari</p>\r\n', 1, 1),
(631, 216, '<p>Rp 80.000 dan Rp 60.000</p>\r\n', 0, 1),
(632, 216, '<p>Rp 90.000 dan Rp 70.000</p>\r\n', 0, 1),
(633, 216, '<p>Rp 90.000 dan Rp 60.000</p>\r\n', 1, 1),
(634, 216, '<p>Rp 100.000 dan Rp 80.000</p>\r\n', 0, 1),
(635, 216, '<p>Rp 100.000 dan Rp 90.000</p>\r\n', 0, 1),
(636, 217, '<p>24</p>\r\n', 0, 1),
(637, 217, '<p>26</p>\r\n', 1, 1),
(638, 217, '<p>28</p>\r\n', 0, 1),
(639, 217, '<p>30</p>\r\n', 0, 1),
(640, 217, '<p>35</p>\r\n', 0, 1),
(641, 218, '<p>353, 345</p>\r\n', 1, 1),
(642, 218, '<p>343, 345</p>\r\n', 0, 1),
(643, 218, '<p>355, 335</p>\r\n', 0, 1),
(644, 218, '<p>333, 355</p>\r\n', 0, 1),
(645, 218, '<p>345, 353</p>\r\n', 0, 1),
(646, 219, '<p>J, K, L</p>\r\n', 0, 1),
(647, 219, '<p>R, S, T</p>\r\n', 0, 1),
(648, 219, '<p>M, N, O</p>\r\n', 1, 1),
(649, 219, '<p>R, M, N</p>\r\n', 0, 1),
(650, 219, '<p>N, O, P</p>\r\n', 0, 1),
(651, 228, '<p>(-2, 4)</p>\r\n', 1, 1),
(652, 228, '<p>(-3, 4)</p>\r\n', 0, 1),
(653, 228, '<p>(2, 4)</p>\r\n', 0, 1),
(654, 228, '<p>(3, 4)</p>\r\n', 0, 1),
(655, 228, '<p>(-4, 4)</p>\r\n', 0, 1),
(656, 229, '<p>harga roti adalah Rp500,00 dan harga donat adalah Rp1.000,00.</p>\r\n', 1, 1),
(657, 229, '<p>harga roti adalah Rp1.000,00 dan harga donat adalah Rp10.000,00.</p>\r\n', 0, 1),
(658, 229, '<p>harga roti adalah Rp5.000,00 dan harga donat adalah Rp1.000,00.</p>\r\n', 0, 1),
(659, 229, '<p>harga roti adalah Rp1.500,00 dan harga donat adalah Rp2.000,00.</p>\r\n', 0, 1),
(660, 229, '<p>harga roti adalah Rp1.000,00 dan harga donat adalah Rp500,00.</p>\r\n', 0, 1),
(661, 231, '<p><img src=\"[base_url]uploads/topik_11/9-1.jpg\" /></p>\r\n', 0, 1),
(662, 231, '<p><img src=\"[base_url]uploads/topik_11/9-1_(1).jpg\" /></p>\r\n', 0, 1),
(663, 231, '<p><img src=\"[base_url]uploads/topik_11/9-1_(2).jpg\" /></p>\r\n', 1, 1),
(664, 231, '<p><img src=\"[base_url]uploads/topik_11/9-1_(3).jpg\" /></p>\r\n', 0, 1),
(665, 231, '<p><img src=\"[base_url]uploads/topik_11/9-1_(4).jpg\" /></p>\r\n', 0, 1),
(666, 232, '<p><img src=\"[base_url]uploads/topik_11/11.jpg\" /></p>\r\n', 0, 1),
(667, 232, '<p><img src=\"[base_url]uploads/topik_11/11_(2).jpg\" /></p>\r\n', 0, 1),
(668, 232, '<p><img src=\"[base_url]uploads/topik_11/11_(1).jpg\" /></p>\r\n', 1, 1),
(669, 232, '<p><img src=\"[base_url]uploads/topik_11/11_(3).jpg\" /></p>\r\n', 0, 1),
(670, 232, '<p><img src=\"[base_url]uploads/topik_11/11_(4).jpg\" /></p>\r\n', 0, 1),
(671, 235, '<p>Buying stationary set at a book store</p>\r\n', 0, 1),
(672, 235, '<p>Going to a book store</p>\r\n', 0, 1),
(673, 235, '<p>Following directions</p>\r\n', 0, 1),
(674, 235, '<p>Asking for directions to the woman</p>\r\n', 1, 1),
(675, 235, '<p>Walking down Jalan Basuki Rahmat</p>\r\n', 0, 1);

-- --------------------------------------------------------

--
-- Struktur dari tabel `cbt_konfigurasi`
--

CREATE TABLE `cbt_konfigurasi` (
  `konfigurasi_id` int(11) NOT NULL,
  `konfigurasi_kode` varchar(50) NOT NULL,
  `konfigurasi_isi` varchar(50) NOT NULL,
  `konfigurasi_keterangan` varchar(100) NOT NULL
) ENGINE=InnoDB DEFAULT CHARSET=latin1;

--
-- Dumping data untuk tabel `cbt_konfigurasi`
--

INSERT INTO `cbt_konfigurasi` (`konfigurasi_id`, `konfigurasi_kode`, `konfigurasi_isi`, `konfigurasi_keterangan`) VALUES
(1, 'link_login_operator', 'ya', 'Menampilkan Link Login Operator'),
(2, 'cbt_nama', 'Computer Based-Test', 'Nama Penyelenggara'),
(3, 'cbt_keterangan', 'Ujian Online Berbasis Komputer', 'Keterangan Penyelenggara'),
(4, 'cbt_mobile_lock_xambro', 'tidak', 'Melakukan Lock pada browser mobile agar menggunakan Xambro Saja');

-- --------------------------------------------------------

--
-- Struktur dari tabel `cbt_modul`
--

CREATE TABLE `cbt_modul` (
  `modul_id` bigint(20) UNSIGNED NOT NULL,
  `modul_nama` varchar(255) COLLATE utf8_unicode_ci NOT NULL,
  `modul_aktif` tinyint(1) NOT NULL DEFAULT 0
) ENGINE=InnoDB DEFAULT CHARSET=utf8 COLLATE=utf8_unicode_ci;

--
-- Dumping data untuk tabel `cbt_modul`
--

INSERT INTO `cbt_modul` (`modul_id`, `modul_nama`, `modul_aktif`) VALUES
(9, 'Default', 1);

-- --------------------------------------------------------

--
-- Struktur dari tabel `cbt_sessions`
--

CREATE TABLE `cbt_sessions` (
  `id` varchar(128) NOT NULL,
  `ip_address` varchar(45) NOT NULL,
  `timestamp` int(10) UNSIGNED NOT NULL DEFAULT 0,
  `data` blob NOT NULL
) ENGINE=InnoDB DEFAULT CHARSET=utf8;

--
-- Dumping data untuk tabel `cbt_sessions`
--

INSERT INTO `cbt_sessions` (`id`, `ip_address`, `timestamp`, `data`) VALUES
('00j84d2blabos5bkpglgag0d0p51doc6', '::1', 1658762177, 0x5f5f63695f6c6173745f726567656e65726174657c693a313635383736323137373b6362745f757365725f69647c733a353a2261646d696e223b6362745f6e616d617c733a353a2253616c7361223b6362745f6c6576656c7c733a353a2261646d696e223b6362745f6f707369317c733a303a22223b6362745f6f707369327c733a303a22223b),
('43p94rhcsn2aqomupd449nrgudmtdlnh', '::1', 1658762842, 0x5f5f63695f6c6173745f726567656e65726174657c693a313635383736323834323b6362745f757365725f69647c733a353a2261646d696e223b6362745f6e616d617c733a353a2253616c7361223b6362745f6c6576656c7c733a353a2261646d696e223b6362745f6f707369317c733a303a22223b6362745f6f707369327c733a303a22223b),
('0phl26siiu74ue3umhj5f0ll80hu0dns', '::1', 1658763308, 0x5f5f63695f6c6173745f726567656e65726174657c693a313635383736333330383b6362745f757365725f69647c733a353a2261646d696e223b6362745f6e616d617c733a353a2253616c7361223b6362745f6c6576656c7c733a353a2261646d696e223b6362745f6f707369317c733a303a22223b6362745f6f707369327c733a303a22223b),
('4g2d5t5978cd7d00ks6n9dr7jrqssouk', '::1', 1658763638, 0x5f5f63695f6c6173745f726567656e65726174657c693a313635383736333633383b6362745f757365725f69647c733a353a2261646d696e223b6362745f6e616d617c733a353a2253616c7361223b6362745f6c6576656c7c733a353a2261646d696e223b6362745f6f707369317c733a303a22223b6362745f6f707369327c733a303a22223b),
('d51stljd53phq0ei7p5ni9jg1ui66doa', '::1', 1658764054, 0x5f5f63695f6c6173745f726567656e65726174657c693a313635383736343035343b6362745f757365725f69647c733a353a2261646d696e223b6362745f6e616d617c733a353a2253616c7361223b6362745f6c6576656c7c733a353a2261646d696e223b6362745f6f707369317c733a303a22223b6362745f6f707369327c733a303a22223b),
('mttknpmdhmmpa5im1v3srf61dqgtk0n4', '::1', 1658764553, 0x5f5f63695f6c6173745f726567656e65726174657c693a313635383736343535333b6362745f757365725f69647c733a353a2261646d696e223b6362745f6e616d617c733a353a2253616c7361223b6362745f6c6576656c7c733a353a2261646d696e223b6362745f6f707369317c733a303a22223b6362745f6f707369327c733a303a22223b),
('fe90aak3llh0737fqgu6hmpk4kk8ioh7', '::1', 1658764932, 0x5f5f63695f6c6173745f726567656e65726174657c693a313635383736343933323b6362745f757365725f69647c733a353a2261646d696e223b6362745f6e616d617c733a353a2253616c7361223b6362745f6c6576656c7c733a353a2261646d696e223b6362745f6f707369317c733a303a22223b6362745f6f707369327c733a303a22223b),
('0vphsfv8vcr63p66ll3b8aibhr2eh6cu', '::1', 1658765268, 0x5f5f63695f6c6173745f726567656e65726174657c693a313635383736353236383b6362745f757365725f69647c733a353a2261646d696e223b6362745f6e616d617c733a353a2253616c7361223b6362745f6c6576656c7c733a353a2261646d696e223b6362745f6f707369317c733a303a22223b6362745f6f707369327c733a303a22223b),
('q81sk2vvl1ke4pmvl49rqd93pl2rdp00', '::1', 1658765594, 0x5f5f63695f6c6173745f726567656e65726174657c693a313635383736353539343b6362745f757365725f69647c733a353a2261646d696e223b6362745f6e616d617c733a353a2253616c7361223b6362745f6c6576656c7c733a353a2261646d696e223b6362745f6f707369317c733a303a22223b6362745f6f707369327c733a303a22223b),
('65lhg8c73hi4lmh27k57v2jfkdt1n091', '::1', 1658765916, 0x5f5f63695f6c6173745f726567656e65726174657c693a313635383736353931363b6362745f7465735f757365725f69647c733a343a2262756469223b6362745f7465735f6e616d617c733a383a22427564696177616e223b6362745f7465735f67726f75707c733a31323a22426174636820312032303232223b6362745f7465735f67726f75705f69647c733a313a2236223b),
('hd7l9puk1dhqv9b2o3ensg1pa74nrphi', '::1', 1658765998, 0x5f5f63695f6c6173745f726567656e65726174657c693a313635383736353931363b),
('95p0i4dke4g32estod7eadnhnrc28lof', '::1', 1658796380, 0x5f5f63695f6c6173745f726567656e65726174657c693a313635383739363338303b6362745f757365725f69647c733a353a2261646d696e223b6362745f6e616d617c733a353a2253616c7361223b6362745f6c6576656c7c733a353a2261646d696e223b6362745f6f707369317c733a303a22223b6362745f6f707369327c733a303a22223b),
('u6sf79gm5q8il4c77upbs3i77mru4lgt', '::1', 1658796697, 0x5f5f63695f6c6173745f726567656e65726174657c693a313635383739363639373b6362745f757365725f69647c733a353a2261646d696e223b6362745f6e616d617c733a353a2253616c7361223b6362745f6c6576656c7c733a353a2261646d696e223b6362745f6f707369317c733a303a22223b6362745f6f707369327c733a303a22223b),
('ofhj4vqulicmtqkn343k9thglamj275r', '::1', 1658797208, 0x5f5f63695f6c6173745f726567656e65726174657c693a313635383739373230383b6362745f757365725f69647c733a353a2261646d696e223b6362745f6e616d617c733a353a2253616c7361223b6362745f6c6576656c7c733a353a2261646d696e223b6362745f6f707369317c733a303a22223b6362745f6f707369327c733a303a22223b),
('fk9dvmjsouak9pc0blspvk7hclve5h53', '::1', 1658798189, 0x5f5f63695f6c6173745f726567656e65726174657c693a313635383739383138393b6362745f757365725f69647c733a353a2261646d696e223b6362745f6e616d617c733a353a2253616c7361223b6362745f6c6576656c7c733a353a2261646d696e223b6362745f6f707369317c733a303a22223b6362745f6f707369327c733a303a22223b),
('8a2sca6mf49erv8p6mbob3m6srduocq6', '::1', 1658798593, 0x5f5f63695f6c6173745f726567656e65726174657c693a313635383739383539333b6362745f7465735f757365725f69647c733a343a2262756469223b6362745f7465735f6e616d617c733a383a22427564696177616e223b6362745f7465735f67726f75707c733a31323a22426174636820312032303232223b6362745f7465735f67726f75705f69647c733a313a2236223b),
('tft0rm7sm7o0emel3o1ho8rpvn5vokse', '::1', 1658798951, 0x5f5f63695f6c6173745f726567656e65726174657c693a313635383739383935313b6362745f757365725f69647c733a353a2261646d696e223b6362745f6e616d617c733a353a2253616c7361223b6362745f6c6576656c7c733a353a2261646d696e223b6362745f6f707369317c733a303a22223b6362745f6f707369327c733a303a22223b6362745f7465735f757365725f69647c733a353a2267616c6968223b6362745f7465735f6e616d617c733a353a2247616c6968223b6362745f7465735f67726f75707c733a31323a22426174636820322032303232223b6362745f7465735f67726f75705f69647c733a313a2237223b),
('u4vus8veb6gbhouukegvoispcinlsbp0', '::1', 1658799303, 0x5f5f63695f6c6173745f726567656e65726174657c693a313635383739393330333b6362745f757365725f69647c733a353a2261646d696e223b6362745f6e616d617c733a353a2253616c7361223b6362745f6c6576656c7c733a353a2261646d696e223b6362745f6f707369317c733a303a22223b6362745f6f707369327c733a303a22223b6362745f7465735f757365725f69647c733a343a2277697261223b6362745f7465735f6e616d617c733a373a225769726177616e223b6362745f7465735f67726f75707c733a31323a22426174636820322032303232223b6362745f7465735f67726f75705f69647c733a313a2237223b),
('2723tbhqdrpg7q5cru3ku7qnmgufem8g', '::1', 1658799289, 0x5f5f63695f6c6173745f726567656e65726174657c693a313635383739393237303b6362745f7465735f757365725f69647c733a343a2279657361223b6362745f7465735f6e616d617c733a343a2259657361223b6362745f7465735f67726f75707c733a31323a22426174636820322032303232223b6362745f7465735f67726f75705f69647c733a313a2237223b),
('f50m6lnk1aacea90f5pjtkh2i5ggp4r3', '::1', 1658799612, 0x5f5f63695f6c6173745f726567656e65726174657c693a313635383739393631323b6362745f757365725f69647c733a333a22746573223b6362745f6e616d617c733a31323a224f70657261746f7220546573223b6362745f6c6576656c7c733a31323a226f70657261746f722d746573223b6362745f6f707369317c733a303a22223b6362745f6f707369327c733a303a22223b),
('3mv9atqt865csahru06guvm7bu9qarbt', '::1', 1658799692, 0x5f5f63695f6c6173745f726567656e65726174657c693a313635383739393631323b6362745f7465735f757365725f69647c733a343a2277697261223b6362745f7465735f6e616d617c733a373a225769726177616e223b6362745f7465735f67726f75707c733a31323a22426174636820322032303232223b6362745f7465735f67726f75705f69647c733a313a2237223b),
('31ffsghlrhg55pnchfphttk7d50kp8nj', '::1', 1658801360, 0x5f5f63695f6c6173745f726567656e65726174657c693a313635383830313336303b6362745f7465735f757365725f69647c733a343a2277697261223b6362745f7465735f6e616d617c733a373a225769726177616e223b6362745f7465735f67726f75707c733a31323a22426174636820322032303232223b6362745f7465735f67726f75705f69647c733a313a2237223b),
('0fjcoi7ao93mfc4snfpjttuqmtuna1dt', '::1', 1658802021, 0x5f5f63695f6c6173745f726567656e65726174657c693a313635383830323032313b6362745f7465735f757365725f69647c733a343a2279657361223b6362745f7465735f6e616d617c733a343a2259657361223b6362745f7465735f67726f75707c733a31323a22426174636820322032303232223b6362745f7465735f67726f75705f69647c733a313a2237223b),
('vk1kr41j4sth7a8hqdngl2r0qa332l8b', '::1', 1658801791, 0x5f5f63695f6c6173745f726567656e65726174657c693a313635383830313739313b6362745f757365725f69647c733a353a2261646d696e223b6362745f6e616d617c733a353a2253616c7361223b6362745f6c6576656c7c733a353a2261646d696e223b6362745f6f707369317c733a303a22223b6362745f6f707369327c733a303a22223b6362745f7465735f757365725f69647c733a343a2277697261223b6362745f7465735f6e616d617c733a373a225769726177616e223b6362745f7465735f67726f75707c733a31323a22426174636820322032303232223b6362745f7465735f67726f75705f69647c733a313a2237223b),
('5rnp78g2u98cja6oalee6hc9pu5u7n04', '::1', 1658802629, 0x5f5f63695f6c6173745f726567656e65726174657c693a313635383830323632393b6362745f757365725f69647c733a353a2261646d696e223b6362745f6e616d617c733a353a2253616c7361223b6362745f6c6576656c7c733a353a2261646d696e223b6362745f6f707369317c733a303a22223b6362745f6f707369327c733a303a22223b6362745f7465735f757365725f69647c733a343a2277697261223b6362745f7465735f6e616d617c733a373a225769726177616e223b6362745f7465735f67726f75707c733a31323a22426174636820322032303232223b6362745f7465735f67726f75705f69647c733a313a2237223b),
('0g2e6i2ecvde6dqib4eva7capfagfhud', '::1', 1658802349, 0x5f5f63695f6c6173745f726567656e65726174657c693a313635383830323334393b6362745f7465735f757365725f69647c733a343a2279657361223b6362745f7465735f6e616d617c733a343a2259657361223b6362745f7465735f67726f75707c733a31323a22426174636820322032303232223b6362745f7465735f67726f75705f69647c733a313a2237223b),
('qpf9c4bj5mdoonj39qbls135u15gmh00', '::1', 1658802381, 0x5f5f63695f6c6173745f726567656e65726174657c693a313635383830323334393b),
('lsj3ei0g9aq978qh116se4mqqlkidn89', '::1', 1658802941, 0x5f5f63695f6c6173745f726567656e65726174657c693a313635383830323934313b6362745f757365725f69647c733a353a2261646d696e223b6362745f6e616d617c733a353a2253616c7361223b6362745f6c6576656c7c733a353a2261646d696e223b6362745f6f707369317c733a303a22223b6362745f6f707369327c733a303a22223b6362745f7465735f757365725f69647c733a343a2277697261223b6362745f7465735f6e616d617c733a373a225769726177616e223b6362745f7465735f67726f75707c733a31323a22426174636820322032303232223b6362745f7465735f67726f75705f69647c733a313a2237223b),
('7cqhaduu1g2e2ihbrp9lpm2qsf3ng1ek', '::1', 1658803274, 0x5f5f63695f6c6173745f726567656e65726174657c693a313635383830333237343b6362745f757365725f69647c733a353a2261646d696e223b6362745f6e616d617c733a353a2253616c7361223b6362745f6c6576656c7c733a353a2261646d696e223b6362745f6f707369317c733a303a22223b6362745f6f707369327c733a303a22223b6362745f7465735f757365725f69647c733a343a2277697261223b6362745f7465735f6e616d617c733a373a225769726177616e223b6362745f7465735f67726f75707c733a31323a22426174636820322032303232223b6362745f7465735f67726f75705f69647c733a313a2237223b),
('2dsbo2dtd9fmbnm357g4hcrmem48gjoe', '::1', 1658803576, 0x5f5f63695f6c6173745f726567656e65726174657c693a313635383830333537363b6362745f757365725f69647c733a353a2261646d696e223b6362745f6e616d617c733a353a2253616c7361223b6362745f6c6576656c7c733a353a2261646d696e223b6362745f6f707369317c733a303a22223b6362745f6f707369327c733a303a22223b6362745f7465735f757365725f69647c733a343a2277697261223b6362745f7465735f6e616d617c733a373a225769726177616e223b6362745f7465735f67726f75707c733a31323a22426174636820322032303232223b6362745f7465735f67726f75705f69647c733a313a2237223b),
('0iggh67ovt58ql0a6chm0kqcdfqsar4g', '::1', 1658803912, 0x5f5f63695f6c6173745f726567656e65726174657c693a313635383830333931323b6362745f757365725f69647c733a353a2261646d696e223b6362745f6e616d617c733a353a2253616c7361223b6362745f6c6576656c7c733a353a2261646d696e223b6362745f6f707369317c733a303a22223b6362745f6f707369327c733a303a22223b6362745f7465735f757365725f69647c733a343a2277697261223b6362745f7465735f6e616d617c733a373a225769726177616e223b6362745f7465735f67726f75707c733a31323a22426174636820322032303232223b6362745f7465735f67726f75705f69647c733a313a2237223b),
('v57hrlmeuphaqtvbo0v1vuhholspn9up', '::1', 1658804085, 0x5f5f63695f6c6173745f726567656e65726174657c693a313635383830333931323b6362745f757365725f69647c733a353a2261646d696e223b6362745f6e616d617c733a353a2253616c7361223b6362745f6c6576656c7c733a353a2261646d696e223b6362745f6f707369317c733a303a22223b6362745f6f707369327c733a303a22223b6362745f7465735f757365725f69647c733a343a2277697261223b6362745f7465735f6e616d617c733a373a225769726177616e223b6362745f7465735f67726f75707c733a31323a22426174636820322032303232223b6362745f7465735f67726f75705f69647c733a313a2237223b),
('nav6e33hjj1s115ua2pmb6pem1j03a1u', '::1', 1658848514, 0x5f5f63695f6c6173745f726567656e65726174657c693a313635383834383531343b),
('egdpoav0bgc5qghfv9hk6g4obli6ei29', '::1', 1658849638, 0x5f5f63695f6c6173745f726567656e65726174657c693a313635383834393633383b6362745f757365725f69647c733a353a2261646d696e223b6362745f6e616d617c733a353a2253616c7361223b6362745f6c6576656c7c733a353a2261646d696e223b6362745f6f707369317c733a303a22223b6362745f6f707369327c733a303a22223b),
('9kdatmu29047uq3754pdqqf9113fe8mg', '::1', 1658849964, 0x5f5f63695f6c6173745f726567656e65726174657c693a313635383834393936343b6362745f757365725f69647c733a353a2261646d696e223b6362745f6e616d617c733a353a2253616c7361223b6362745f6c6576656c7c733a353a2261646d696e223b6362745f6f707369317c733a303a22223b6362745f6f707369327c733a303a22223b),
('hfuf4sv9aube3idmbnmfdjhcau33kaat', '::1', 1658850479, 0x5f5f63695f6c6173745f726567656e65726174657c693a313635383835303437393b6362745f757365725f69647c733a353a2261646d696e223b6362745f6e616d617c733a353a2253616c7361223b6362745f6c6576656c7c733a353a2261646d696e223b6362745f6f707369317c733a303a22223b6362745f6f707369327c733a303a22223b),
('hv4475vdj8j4sgolk047idlvf2ln3b05', '::1', 1658850759, 0x5f5f63695f6c6173745f726567656e65726174657c693a313635383835303437393b6362745f757365725f69647c733a353a2261646d696e223b6362745f6e616d617c733a353a2253616c7361223b6362745f6c6576656c7c733a353a2261646d696e223b6362745f6f707369317c733a303a22223b6362745f6f707369327c733a303a22223b),
('296n7lg1cpfqtotl3rlht6uedth7df5r', '::1', 1658882488, 0x5f5f63695f6c6173745f726567656e65726174657c693a313635383838323438383b6362745f757365725f69647c733a353a2261646d696e223b6362745f6e616d617c733a353a2253616c7361223b6362745f6c6576656c7c733a353a2261646d696e223b6362745f6f707369317c733a303a22223b6362745f6f707369327c733a303a22223b),
('p4u8esiu746944fu5m794vb9ho4g2l6h', '::1', 1658883049, 0x5f5f63695f6c6173745f726567656e65726174657c693a313635383838333034393b6362745f757365725f69647c733a353a2261646d696e223b6362745f6e616d617c733a353a2253616c7361223b6362745f6c6576656c7c733a353a2261646d696e223b6362745f6f707369317c733a303a22223b6362745f6f707369327c733a303a22223b),
('8l9nac71pespootcff6vpv9ujmbafj02', '::1', 1658883401, 0x5f5f63695f6c6173745f726567656e65726174657c693a313635383838333430313b6362745f757365725f69647c733a353a2261646d696e223b6362745f6e616d617c733a353a2253616c7361223b6362745f6c6576656c7c733a353a2261646d696e223b6362745f6f707369317c733a303a22223b6362745f6f707369327c733a303a22223b),
('rscftmu8039opdgu283188h8idvbl452', '::1', 1658884071, 0x5f5f63695f6c6173745f726567656e65726174657c693a313635383838343037313b6362745f757365725f69647c733a353a2261646d696e223b6362745f6e616d617c733a353a2253616c7361223b6362745f6c6576656c7c733a353a2261646d696e223b6362745f6f707369317c733a303a22223b6362745f6f707369327c733a303a22223b),
('khvqk8db1o640a47k444nfjgb20p62kh', '::1', 1658884564, 0x5f5f63695f6c6173745f726567656e65726174657c693a313635383838343536343b6362745f757365725f69647c733a353a2261646d696e223b6362745f6e616d617c733a353a2253616c7361223b6362745f6c6576656c7c733a353a2261646d696e223b6362745f6f707369317c733a303a22223b6362745f6f707369327c733a303a22223b),
('ecuihmpb77r9ppvon2ncvo36kqos0mip', '::1', 1658885094, 0x5f5f63695f6c6173745f726567656e65726174657c693a313635383838353039343b6362745f757365725f69647c733a353a2261646d696e223b6362745f6e616d617c733a353a2253616c7361223b6362745f6c6576656c7c733a353a2261646d696e223b6362745f6f707369317c733a303a22223b6362745f6f707369327c733a303a22223b),
('l0lg293vd0bhvrj2p1ofanmjpq6k7pkh', '::1', 1658885702, 0x5f5f63695f6c6173745f726567656e65726174657c693a313635383838353730323b6362745f757365725f69647c733a353a2261646d696e223b6362745f6e616d617c733a353a2253616c7361223b6362745f6c6576656c7c733a353a2261646d696e223b6362745f6f707369317c733a303a22223b6362745f6f707369327c733a303a22223b),
('qtqu56eva4a02jcsndhgvjvh4a424401', '::1', 1658886287, 0x5f5f63695f6c6173745f726567656e65726174657c693a313635383838363238373b6362745f757365725f69647c733a353a2261646d696e223b6362745f6e616d617c733a353a2253616c7361223b6362745f6c6576656c7c733a353a2261646d696e223b6362745f6f707369317c733a303a22223b6362745f6f707369327c733a303a22223b),
('p1cnbsmk8q18m2fa5a620rojp1noa2bj', '::1', 1658886630, 0x5f5f63695f6c6173745f726567656e65726174657c693a313635383838363633303b6362745f757365725f69647c733a353a2261646d696e223b6362745f6e616d617c733a353a2253616c7361223b6362745f6c6576656c7c733a353a2261646d696e223b6362745f6f707369317c733a303a22223b6362745f6f707369327c733a303a22223b),
('lg7l1q5n2rmsm42ehgr334tgticfe2sk', '::1', 1658886920, 0x5f5f63695f6c6173745f726567656e65726174657c693a313635383838363633303b6362745f757365725f69647c733a353a2261646d696e223b6362745f6e616d617c733a353a2253616c7361223b6362745f6c6576656c7c733a353a2261646d696e223b6362745f6f707369317c733a303a22223b6362745f6f707369327c733a303a22223b),
('73gm0gt67o15d1p0rlm1bur71mpbohn1', '::1', 1659069381, 0x5f5f63695f6c6173745f726567656e65726174657c693a313635393036393338313b),
('hbsi4di9cbf54jsup8nrmu9qn85lih6k', '::1', 1659071309, 0x5f5f63695f6c6173745f726567656e65726174657c693a313635393037313330393b6362745f757365725f69647c733a353a2261646d696e223b6362745f6e616d617c733a353a2253616c7361223b6362745f6c6576656c7c733a353a2261646d696e223b6362745f6f707369317c733a303a22223b6362745f6f707369327c733a303a22223b),
('kmdnt5pmp2252fst98ne009u61e9va4n', '::1', 1659072018, 0x5f5f63695f6c6173745f726567656e65726174657c693a313635393037323031383b6362745f757365725f69647c733a353a2261646d696e223b6362745f6e616d617c733a353a2253616c7361223b6362745f6c6576656c7c733a353a2261646d696e223b6362745f6f707369317c733a303a22223b6362745f6f707369327c733a303a22223b),
('s66do4rve1htomr5o4pvtg3r55gch0cm', '::1', 1659072032, 0x5f5f63695f6c6173745f726567656e65726174657c693a313635393037323031383b6362745f757365725f69647c733a353a2261646d696e223b6362745f6e616d617c733a353a2253616c7361223b6362745f6c6576656c7c733a353a2261646d696e223b6362745f6f707369317c733a303a22223b6362745f6f707369327c733a303a22223b),
('073kcgdhn51qj9tnjfnrqupa9pfhqqnb', '::1', 1659270385, 0x5f5f63695f6c6173745f726567656e65726174657c693a313635393237303338353b),
('1pednue5l80ricjb8nu4r1hf2jte9ehu', '::1', 1659270458, 0x5f5f63695f6c6173745f726567656e65726174657c693a313635393237303338363b6362745f757365725f69647c733a353a2261646d696e223b6362745f6e616d617c733a353a2253616c7361223b6362745f6c6576656c7c733a353a2261646d696e223b6362745f6f707369317c733a303a22223b6362745f6f707369327c733a303a22223b),
('an0uvb8slo6bt8rlid6ffuj6aurciemj', '::1', 1659316631, 0x5f5f63695f6c6173745f726567656e65726174657c693a313635393331363633313b6362745f757365725f69647c733a353a2261646d696e223b6362745f6e616d617c733a353a2253616c7361223b6362745f6c6576656c7c733a353a2261646d696e223b6362745f6f707369317c733a303a22223b6362745f6f707369327c733a303a22223b),
('tfg45l5a4aug0ts0j14if09h97tsmtvs', '::1', 1659316846, 0x5f5f63695f6c6173745f726567656e65726174657c693a313635393331363633313b6362745f757365725f69647c733a333a22746573223b6362745f6e616d617c733a31323a224f70657261746f7220546573223b6362745f6c6576656c7c733a31323a226f70657261746f722d746573223b6362745f6f707369317c733a303a22223b6362745f6f707369327c733a303a22223b);

-- --------------------------------------------------------

--
-- Struktur dari tabel `cbt_soal`
--

CREATE TABLE `cbt_soal` (
  `soal_id` bigint(20) UNSIGNED NOT NULL,
  `soal_topik_id` bigint(20) UNSIGNED NOT NULL,
  `soal_detail` text COLLATE utf8_unicode_ci NOT NULL,
  `soal_tipe` smallint(3) UNSIGNED NOT NULL DEFAULT 1 COMMENT '1=Pilihan ganda, 2=essay, 3=jawaban singkat',
  `soal_kunci` text COLLATE utf8_unicode_ci DEFAULT NULL COMMENT 'Kunci untuk soal jawaban singkat',
  `soal_difficulty` smallint(6) NOT NULL DEFAULT 1,
  `soal_aktif` tinyint(1) NOT NULL DEFAULT 0,
  `soal_audio` varchar(200) COLLATE utf8_unicode_ci DEFAULT NULL,
  `soal_audio_play` int(11) NOT NULL DEFAULT 0,
  `soal_timer` smallint(10) DEFAULT NULL,
  `soal_inline_answers` tinyint(1) NOT NULL DEFAULT 0,
  `soal_auto_next` tinyint(1) NOT NULL DEFAULT 0
) ENGINE=InnoDB DEFAULT CHARSET=utf8 COLLATE=utf8_unicode_ci;

--
-- Dumping data untuk tabel `cbt_soal`
--

INSERT INTO `cbt_soal` (`soal_id`, `soal_topik_id`, `soal_detail`, `soal_tipe`, `soal_kunci`, `soal_difficulty`, `soal_aktif`, `soal_audio`, `soal_audio_play`, `soal_timer`, `soal_inline_answers`, `soal_auto_next`) VALUES
(215, 8, '<p>Kegiatan untuk membangun 1 unit rumah dibutuhkan waktu selama 36 hari dengan bantuan 12 tenaga kerja. Berapa waktu yang dihabiskan untuk membangun rumah dengan tenaga kerja 24 orang?</p>\r\n', 1, '', 1, 1, NULL, 0, NULL, 0, 0),
(216, 8, '<p>Perbandingan uang Chaca dan Citra yaitu 3:2. Jika uang Chaca dan Citra berjumlah Rp 150.000, berapa masing-masing uang yang dimiliki oleh Chaca dan Citra?</p>\r\n', 1, '', 1, 1, NULL, 0, NULL, 0, 0),
(217, 8, '<p>2, 8, 14, 20, ... , 32</p>\r\n', 1, '', 1, 1, NULL, 0, NULL, 0, 0),
(218, 8, '<p>365, 363, 359, ... , ... , 335, 323</p>\r\n', 1, '', 1, 1, NULL, 0, NULL, 0, 0),
(219, 8, '<p>A, B, C, P, G, H, I, Q, ... , ... , ... , ...</p>\r\n', 1, '', 1, 1, NULL, 0, NULL, 0, 0),
(226, 10, '<p>Hasil dari 4 log 8 + 4 log 32 adalah....</p>\r\n', 3, '4', 2, 1, NULL, 0, NULL, 0, 0),
(227, 10, '<p>Keliling kebun berbentuk persegi panjang adalah 72 m. Jika selisih panjang dan lebar 4 m, maka luas kebun tersebut adalah ....</p>\r\n', 3, '320 m²', 2, 1, NULL, 0, NULL, 0, 0),
(228, 10, '<p>Himpunan Penyelesaian dari x2 &ndash; 2x &ndash; 8 = 0 adalah...</p>\r\n', 1, '', 1, 1, NULL, 0, NULL, 0, 0),
(229, 10, '<p>Pada saat jam istirahat sekolah, Andi dan Deo bersama-sama pergi ke kantin sekolah. Andi membeli 3 buah roti dan 2 buah donat dengan harga seluruhnya Rp3.500,00.</p>\r\n\r\n<p>Sementara itu, Deo membeli 4 buah roti dan 2 buah donat dengan harga seluruhnya Rp4.000,00, maka harga masing-masing roti dan donat adalah ....</p>\r\n', 1, '', 1, 1, NULL, 0, NULL, 0, 0),
(230, 10, '<p>Diketahui terdapat suatu fungsi kuadrat a(x) = x2 &ndash; 3x + 6 dan b(x) = 5x &ndash; 8. Jika c(x) = a(x) + b(x), maka c(x) = &hellip;.</p>\r\n', 3, 'c(x) = x2 + 2x – 2', 2, 1, NULL, 0, NULL, 0, 0),
(231, 11, '<p>This thing is a computerized bracelets.</p>\r\n\r\n<p>Early models could perform basic tasks</p>\r\n\r\n<p>such as calculations translations.</p>\r\n\r\n<p>Now it functions as portable media players</p>\r\n\r\n<p>with speaker FM radio and playback of digital</p>\r\n\r\n<p>or audio and video files via Bluetooth or USB headsets.<br />\r\n<br />\r\nWhich pitcher goes with the monologue?</p>\r\n', 1, '', 1, 1, NULL, 0, NULL, 0, 0),
(232, 11, '<p>This man works in a big hotel.</p>\r\n\r\n<p>He is a highly trained and skilled professional</p>\r\n\r\n<p>who is proficient in all aspects of food preparation</p>\r\n\r\n<p>of a particular cuisine.</p>\r\n\r\n<p>He is also a head of a kitchen.</p>\r\n\r\n<p>As a professional, he can receive</p>\r\n\r\n<p>both formal training from an institution,</p>\r\n\r\n<p>as well as through apprenticeship</p>\r\n\r\n<p>with an experienced chef.<br />\r\n<br />\r\nWhich picture goes with the monologue?</p>\r\n', 1, '', 1, 1, NULL, 1, NULL, 0, 0),
(233, 12, '<p><img src=\"[base_url]uploads/topik_12/6.jpg\" /></p>\r\n\r\n<p><img src=\"[base_url]uploads/topik_12/6_(1).jpg\" /></p>\r\n', 3, 'A', 1, 1, NULL, 0, NULL, 0, 0),
(234, 12, '<p><img src=\"[base_url]uploads/topik_12/5.jpg\" /></p>\r\n\r\n<p><img src=\"[base_url]uploads/topik_12/5_(1).jpg\" /></p>\r\n', 3, 'C', 1, 1, NULL, 0, NULL, 0, 0),
(235, 11, '<p>soal</p>\r\n', 1, '', 1, 1, '03-number-1.mp3', 1, NULL, 0, 0);

-- --------------------------------------------------------

--
-- Struktur dari tabel `cbt_tes`
--

CREATE TABLE `cbt_tes` (
  `tes_id` bigint(20) UNSIGNED NOT NULL,
  `tes_nama` varchar(255) COLLATE utf8_unicode_ci NOT NULL,
  `tes_detail` text COLLATE utf8_unicode_ci NOT NULL,
  `tes_begin_time` datetime DEFAULT NULL,
  `tes_end_time` datetime DEFAULT NULL,
  `tes_duration_time` smallint(10) UNSIGNED NOT NULL DEFAULT 0,
  `tes_ip_range` varchar(255) COLLATE utf8_unicode_ci NOT NULL DEFAULT '*.*.*.*',
  `tes_results_to_users` tinyint(1) NOT NULL DEFAULT 0,
  `tes_detail_to_users` tinyint(1) NOT NULL DEFAULT 0,
  `tes_score_right` decimal(10,2) DEFAULT 1.00,
  `tes_score_wrong` decimal(10,2) DEFAULT 0.00,
  `tes_score_unanswered` decimal(10,2) DEFAULT 0.00,
  `tes_max_score` decimal(10,2) NOT NULL DEFAULT 0.00,
  `tes_token` tinyint(1) DEFAULT 0
) ENGINE=InnoDB DEFAULT CHARSET=utf8 COLLATE=utf8_unicode_ci;

--
-- Dumping data untuk tabel `cbt_tes`
--

INSERT INTO `cbt_tes` (`tes_id`, `tes_nama`, `tes_detail`, `tes_begin_time`, `tes_end_time`, `tes_duration_time`, `tes_ip_range`, `tes_results_to_users`, `tes_detail_to_users`, `tes_score_right`, `tes_score_wrong`, `tes_score_unanswered`, `tes_max_score`, `tes_token`) VALUES
(7, 'Ujian 1', 'Ujian Bagian 1', '2022-07-26 01:00:00', '2022-07-27 00:00:00', 15, '*.*.*.*', 1, 1, '10.00', '-5.00', '0.00', '100.00', 1),
(8, 'Ujian 2', 'Ujian Bagian 2', '2022-07-26 01:00:00', '2022-07-27 00:00:00', 15, '*.*.*.*', 1, 1, '10.00', '-5.00', '0.00', '100.00', 1);

-- --------------------------------------------------------

--
-- Struktur dari tabel `cbt_tesgrup`
--

CREATE TABLE `cbt_tesgrup` (
  `tstgrp_tes_id` bigint(20) UNSIGNED NOT NULL,
  `tstgrp_grup_id` bigint(20) UNSIGNED NOT NULL
) ENGINE=InnoDB DEFAULT CHARSET=utf8 COLLATE=utf8_unicode_ci;

--
-- Dumping data untuk tabel `cbt_tesgrup`
--

INSERT INTO `cbt_tesgrup` (`tstgrp_tes_id`, `tstgrp_grup_id`) VALUES
(7, 6),
(8, 7);

-- --------------------------------------------------------

--
-- Struktur dari tabel `cbt_tes_soal`
--

CREATE TABLE `cbt_tes_soal` (
  `tessoal_id` bigint(20) UNSIGNED NOT NULL,
  `tessoal_tesuser_id` bigint(20) UNSIGNED NOT NULL,
  `tessoal_user_ip` varchar(39) COLLATE utf8_unicode_ci DEFAULT NULL,
  `tessoal_soal_id` bigint(20) UNSIGNED NOT NULL,
  `tessoal_jawaban_text` text COLLATE utf8_unicode_ci DEFAULT NULL,
  `tessoal_nilai` decimal(10,2) DEFAULT NULL,
  `tessoal_creation_time` datetime DEFAULT NULL,
  `tessoal_display_time` datetime DEFAULT NULL,
  `tessoal_change_time` datetime DEFAULT NULL,
  `tessoal_reaction_time` bigint(20) UNSIGNED NOT NULL DEFAULT 0,
  `tessoal_ragu` int(1) NOT NULL DEFAULT 0 COMMENT '1=ragu, 0=tidak ragu',
  `tessoal_order` smallint(6) NOT NULL DEFAULT 1,
  `tessoal_num_answers` smallint(5) UNSIGNED NOT NULL DEFAULT 0,
  `tessoal_comment` text COLLATE utf8_unicode_ci DEFAULT NULL,
  `tessoal_audio_play` int(11) NOT NULL DEFAULT 0
) ENGINE=InnoDB DEFAULT CHARSET=utf8 COLLATE=utf8_unicode_ci;

--
-- Dumping data untuk tabel `cbt_tes_soal`
--

INSERT INTO `cbt_tes_soal` (`tessoal_id`, `tessoal_tesuser_id`, `tessoal_user_ip`, `tessoal_soal_id`, `tessoal_jawaban_text`, `tessoal_nilai`, `tessoal_creation_time`, `tessoal_display_time`, `tessoal_change_time`, `tessoal_reaction_time`, `tessoal_ragu`, `tessoal_order`, `tessoal_num_answers`, `tessoal_comment`, `tessoal_audio_play`) VALUES
(61, 7, NULL, 218, NULL, '-5.00', '2022-07-26 08:21:20', '2022-07-26 08:21:20', '2022-07-26 08:21:28', 0, 0, 1, 0, NULL, 0),
(62, 7, NULL, 217, NULL, '10.00', '2022-07-26 08:21:20', '2022-07-26 08:21:30', '2022-07-26 08:21:33', 0, 0, 2, 0, NULL, 0),
(63, 7, NULL, 216, NULL, '10.00', '2022-07-26 08:21:20', '2022-07-26 08:21:36', '2022-07-26 08:21:42', 0, 0, 3, 0, NULL, 0),
(64, 7, NULL, 219, NULL, '10.00', '2022-07-26 08:21:20', '2022-07-26 08:21:45', '2022-07-26 08:21:47', 0, 0, 4, 0, NULL, 0),
(65, 7, NULL, 231, NULL, '10.00', '2022-07-26 08:21:20', '2022-07-26 08:21:48', '2022-07-26 08:22:22', 0, 0, 5, 0, NULL, 0),
(66, 7, NULL, 235, NULL, '-5.00', '2022-07-26 08:21:20', '2022-07-26 08:22:24', '2022-07-26 08:22:32', 0, 0, 6, 0, NULL, 1),
(67, 7, NULL, 234, 'e', '-5.00', '2022-07-26 08:21:20', '2022-07-26 08:22:35', '2022-07-26 08:22:42', 0, 0, 7, 0, NULL, 0),
(68, 7, NULL, 233, 'a', '10.00', '2022-07-26 08:21:20', '2022-07-26 08:22:43', '2022-07-26 08:22:48', 0, 0, 8, 0, NULL, 0),
(69, 7, NULL, 227, '23', '-5.00', '2022-07-26 08:21:20', '2022-07-26 08:22:50', '2022-07-26 08:22:56', 0, 0, 9, 0, NULL, 0),
(70, 7, NULL, 230, '4', '-5.00', '2022-07-26 08:21:20', '2022-07-26 08:22:57', '2022-07-26 08:23:02', 0, 0, 10, 0, NULL, 0),
(71, 8, NULL, 216, NULL, '-5.00', '2022-07-26 08:25:40', '2022-07-26 08:25:40', '2022-07-26 08:25:43', 0, 0, 1, 0, NULL, 0),
(72, 8, NULL, 218, NULL, '-5.00', '2022-07-26 08:25:40', '2022-07-26 08:25:45', '2022-07-26 08:25:47', 0, 0, 2, 0, NULL, 0),
(73, 8, NULL, 219, NULL, '10.00', '2022-07-26 08:25:40', '2022-07-26 08:25:48', '2022-07-26 08:25:50', 0, 0, 3, 0, NULL, 0),
(74, 8, NULL, 215, NULL, '10.00', '2022-07-26 08:25:40', '2022-07-26 08:25:52', '2022-07-26 08:25:55', 0, 0, 4, 0, NULL, 0),
(75, 8, NULL, 232, NULL, '10.00', '2022-07-26 08:25:40', '2022-07-26 08:25:56', '2022-07-26 08:26:04', 0, 0, 5, 0, NULL, 0),
(76, 8, NULL, 231, NULL, '10.00', '2022-07-26 08:25:40', '2022-07-26 08:26:06', '2022-07-26 08:26:10', 0, 0, 6, 0, NULL, 0),
(77, 8, NULL, 234, 'c', '10.00', '2022-07-26 08:25:40', '2022-07-26 08:26:12', '2022-07-26 08:26:20', 0, 0, 7, 0, NULL, 0),
(78, 8, NULL, 233, 'a', '10.00', '2022-07-26 08:25:40', '2022-07-26 08:26:24', '2022-07-26 08:26:28', 0, 0, 8, 0, NULL, 0),
(79, 8, NULL, 230, '1', '-5.00', '2022-07-26 08:25:40', '2022-07-26 08:26:30', '2022-07-26 08:26:41', 0, 0, 9, 0, NULL, 0),
(80, 8, NULL, 226, '4', '10.00', '2022-07-26 08:25:40', '2022-07-26 08:26:46', '2022-07-26 08:26:51', 0, 0, 10, 0, NULL, 0),
(81, 9, NULL, 215, NULL, '10.00', '2022-07-26 08:28:03', '2022-07-26 08:28:03', '2022-07-26 08:28:06', 0, 0, 1, 0, NULL, 0),
(82, 9, NULL, 218, NULL, '-5.00', '2022-07-26 08:28:03', '2022-07-26 08:28:07', '2022-07-26 08:28:22', 0, 0, 2, 0, NULL, 0),
(83, 9, NULL, 217, NULL, '10.00', '2022-07-26 08:28:03', '2022-07-26 08:28:24', '2022-07-26 08:28:26', 0, 0, 3, 0, NULL, 0),
(84, 9, NULL, 219, NULL, '10.00', '2022-07-26 08:28:03', '2022-07-26 08:28:28', '2022-07-26 08:28:30', 0, 0, 4, 0, NULL, 0),
(85, 9, NULL, 228, NULL, '-5.00', '2022-07-26 08:28:03', '2022-07-26 08:28:31', '2022-07-26 08:28:37', 0, 0, 5, 0, NULL, 0),
(86, 9, NULL, 229, NULL, '10.00', '2022-07-26 08:28:03', '2022-07-26 08:28:40', '2022-07-26 08:28:45', 0, 0, 6, 0, NULL, 0),
(87, 9, NULL, 232, NULL, '10.00', '2022-07-26 08:28:03', '2022-07-26 08:28:47', '2022-07-26 08:28:49', 0, 0, 7, 0, NULL, 0),
(88, 9, NULL, 235, NULL, '10.00', '2022-07-26 08:28:03', '2022-07-26 08:28:51', '2022-07-26 08:28:53', 0, 0, 8, 0, NULL, 0),
(89, 9, NULL, 233, 'a', '10.00', '2022-07-26 08:28:03', '2022-07-26 08:28:55', '2022-07-26 08:28:59', 0, 0, 9, 0, NULL, 0),
(90, 9, NULL, 234, 'c', '10.00', '2022-07-26 08:28:03', '2022-07-26 08:29:01', '2022-07-26 08:29:06', 0, 0, 10, 0, NULL, 0),
(91, 10, NULL, 216, NULL, '-5.00', '2022-07-26 08:31:29', '2022-07-26 08:31:29', '2022-07-26 08:31:33', 0, 0, 1, 0, NULL, 0),
(92, 10, NULL, 215, NULL, '10.00', '2022-07-26 08:31:29', '2022-07-26 08:31:35', '2022-07-26 08:31:37', 0, 0, 2, 0, NULL, 0),
(93, 10, NULL, 219, NULL, '10.00', '2022-07-26 08:31:29', '2022-07-26 08:31:38', '2022-07-26 08:31:40', 0, 0, 3, 0, NULL, 0),
(94, 10, NULL, 217, NULL, '10.00', '2022-07-26 08:31:29', '2022-07-26 08:31:41', '2022-07-26 08:31:43', 0, 0, 4, 0, NULL, 0),
(95, 10, NULL, 229, NULL, '-5.00', '2022-07-26 08:31:29', '2022-07-26 08:31:45', '2022-07-26 08:31:47', 0, 0, 5, 0, NULL, 0),
(96, 10, NULL, 228, NULL, '-5.00', '2022-07-26 08:31:29', '2022-07-26 08:31:49', '2022-07-26 08:31:53', 0, 0, 6, 0, NULL, 0),
(97, 10, NULL, 231, NULL, '10.00', '2022-07-26 08:31:29', '2022-07-26 08:31:54', '2022-07-26 08:31:57', 0, 0, 7, 0, NULL, 0),
(98, 10, NULL, 232, NULL, '10.00', '2022-07-26 08:31:29', '2022-07-26 08:31:59', '2022-07-26 08:32:01', 0, 0, 8, 0, NULL, 0),
(99, 10, NULL, 233, 'a', '10.00', '2022-07-26 08:31:29', '2022-07-26 08:32:05', '2022-07-26 08:32:29', 0, 0, 9, 0, NULL, 0),
(100, 10, NULL, 234, 'c', '10.00', '2022-07-26 08:31:29', '2022-07-26 08:32:30', '2022-07-26 08:32:34', 0, 0, 10, 0, NULL, 0),
(101, 11, NULL, 216, NULL, '10.00', '2022-07-26 09:16:50', '2022-07-26 09:16:50', '2022-07-26 09:19:45', 0, 0, 1, 0, NULL, 0),
(102, 11, NULL, 215, NULL, '10.00', '2022-07-26 09:16:50', '2022-07-26 09:30:23', '2022-07-26 09:30:24', 0, 0, 2, 0, NULL, 0),
(103, 11, NULL, 217, NULL, '10.00', '2022-07-26 09:16:50', '2022-07-26 09:30:18', '2022-07-26 09:30:21', 0, 0, 3, 0, NULL, 0),
(104, 11, NULL, 218, NULL, '-5.00', '2022-07-26 09:16:50', '2022-07-26 09:30:12', '2022-07-26 09:30:17', 0, 0, 4, 0, NULL, 0),
(105, 11, NULL, 228, NULL, '-5.00', '2022-07-26 09:16:50', '2022-07-26 09:30:08', '2022-07-26 09:30:10', 0, 0, 5, 0, NULL, 0),
(106, 11, NULL, 229, NULL, '10.00', '2022-07-26 09:16:50', '2022-07-26 09:29:53', '2022-07-26 09:29:56', 0, 0, 6, 0, NULL, 0),
(107, 11, NULL, 232, NULL, '10.00', '2022-07-26 09:16:50', '2022-07-26 09:29:49', '2022-07-26 09:29:50', 0, 0, 7, 0, NULL, 0),
(108, 11, NULL, 235, NULL, '10.00', '2022-07-26 09:16:50', '2022-07-26 09:29:44', '2022-07-26 09:29:47', 0, 0, 8, 0, NULL, 0),
(109, 11, NULL, 234, 'c', '10.00', '2022-07-26 09:16:50', '2022-07-26 09:29:38', '2022-07-26 09:29:43', 0, 0, 9, 0, NULL, 0),
(110, 11, NULL, 233, 'a', '10.00', '2022-07-26 09:16:50', '2022-07-26 09:29:32', '2022-07-26 09:29:37', 0, 0, 10, 0, NULL, 0),
(111, 12, NULL, 215, NULL, '-5.00', '2022-07-26 09:20:29', '2022-07-26 09:20:30', '2022-07-26 09:21:07', 0, 0, 1, 0, NULL, 0),
(112, 12, NULL, 219, NULL, '10.00', '2022-07-26 09:20:29', '2022-07-26 09:22:02', '2022-07-26 09:24:14', 0, 0, 2, 0, NULL, 0),
(113, 12, NULL, 216, NULL, '10.00', '2022-07-26 09:20:29', '2022-07-26 09:24:15', '2022-07-26 09:24:19', 0, 0, 3, 0, NULL, 0),
(114, 12, NULL, 218, NULL, '10.00', '2022-07-26 09:20:29', '2022-07-26 09:24:21', '2022-07-26 09:24:38', 0, 0, 4, 0, NULL, 0),
(115, 12, NULL, 229, NULL, '-5.00', '2022-07-26 09:20:29', '2022-07-26 09:24:39', '2022-07-26 09:24:41', 0, 0, 5, 0, NULL, 0),
(116, 12, NULL, 228, NULL, '-5.00', '2022-07-26 09:20:29', '2022-07-26 09:24:43', '2022-07-26 09:24:45', 0, 0, 6, 0, NULL, 0),
(117, 12, NULL, 235, NULL, '10.00', '2022-07-26 09:20:29', '2022-07-26 09:24:46', '2022-07-26 09:24:48', 0, 0, 7, 0, NULL, 0),
(118, 12, NULL, 232, NULL, '10.00', '2022-07-26 09:20:29', '2022-07-26 09:24:50', '2022-07-26 09:25:01', 0, 0, 8, 0, NULL, 0),
(119, 12, NULL, 234, 'a', '-5.00', '2022-07-26 09:20:29', '2022-07-26 09:25:02', '2022-07-26 09:25:08', 0, 0, 9, 0, NULL, 0),
(120, 12, NULL, 233, 'd', '-5.00', '2022-07-26 09:20:29', '2022-07-26 09:25:10', '2022-07-26 09:25:15', 0, 0, 10, 0, NULL, 0);

-- --------------------------------------------------------

--
-- Struktur dari tabel `cbt_tes_soal_jawaban`
--

CREATE TABLE `cbt_tes_soal_jawaban` (
  `soaljawaban_tessoal_id` bigint(20) UNSIGNED NOT NULL,
  `soaljawaban_jawaban_id` bigint(20) UNSIGNED NOT NULL,
  `soaljawaban_selected` smallint(6) NOT NULL DEFAULT -1,
  `soaljawaban_order` smallint(6) NOT NULL DEFAULT 1,
  `soaljawaban_position` bigint(20) UNSIGNED DEFAULT NULL
) ENGINE=InnoDB DEFAULT CHARSET=utf8 COLLATE=utf8_unicode_ci;

--
-- Dumping data untuk tabel `cbt_tes_soal_jawaban`
--

INSERT INTO `cbt_tes_soal_jawaban` (`soaljawaban_tessoal_id`, `soaljawaban_jawaban_id`, `soaljawaban_selected`, `soaljawaban_order`, `soaljawaban_position`) VALUES
(61, 641, 0, 4, NULL),
(61, 642, 1, 5, NULL),
(61, 643, 0, 3, NULL),
(61, 644, 0, 2, NULL),
(61, 645, 0, 1, NULL),
(62, 636, 0, 3, NULL),
(62, 637, 1, 4, NULL),
(62, 638, 0, 1, NULL),
(62, 639, 0, 2, NULL),
(62, 640, 0, 5, NULL),
(63, 631, 0, 5, NULL),
(63, 632, 0, 3, NULL),
(63, 633, 1, 1, NULL),
(63, 634, 0, 4, NULL),
(63, 635, 0, 2, NULL),
(64, 646, 0, 2, NULL),
(64, 647, 0, 1, NULL),
(64, 648, 1, 5, NULL),
(64, 649, 0, 3, NULL),
(64, 650, 0, 4, NULL),
(65, 661, 0, 1, NULL),
(65, 662, 0, 3, NULL),
(65, 663, 1, 4, NULL),
(65, 664, 0, 5, NULL),
(65, 665, 0, 2, NULL),
(66, 671, 1, 5, NULL),
(66, 672, 0, 2, NULL),
(66, 673, 0, 4, NULL),
(66, 674, 0, 3, NULL),
(66, 675, 0, 1, NULL),
(71, 631, 1, 4, NULL),
(71, 632, 0, 5, NULL),
(71, 633, 0, 2, NULL),
(71, 634, 0, 3, NULL),
(71, 635, 0, 1, NULL),
(72, 641, 0, 5, NULL),
(72, 642, 0, 2, NULL),
(72, 643, 0, 1, NULL),
(72, 644, 0, 3, NULL),
(72, 645, 1, 4, NULL),
(73, 646, 0, 5, NULL),
(73, 647, 0, 4, NULL),
(73, 648, 1, 3, NULL),
(73, 649, 0, 2, NULL),
(73, 650, 0, 1, NULL),
(74, 626, 0, 1, NULL),
(74, 627, 0, 4, NULL),
(74, 628, 0, 2, NULL),
(74, 629, 0, 3, NULL),
(74, 630, 1, 5, NULL),
(75, 666, 0, 5, NULL),
(75, 667, 0, 3, NULL),
(75, 668, 1, 1, NULL),
(75, 669, 0, 4, NULL),
(75, 670, 0, 2, NULL),
(76, 661, 0, 3, NULL),
(76, 662, 0, 4, NULL),
(76, 663, 1, 2, NULL),
(76, 664, 0, 1, NULL),
(76, 665, 0, 5, NULL),
(81, 626, 0, 4, NULL),
(81, 627, 0, 3, NULL),
(81, 628, 0, 2, NULL),
(81, 629, 0, 5, NULL),
(81, 630, 1, 1, NULL),
(82, 641, 0, 5, NULL),
(82, 642, 0, 4, NULL),
(82, 643, 0, 2, NULL),
(82, 644, 0, 1, NULL),
(82, 645, 1, 3, NULL),
(83, 636, 0, 1, NULL),
(83, 637, 1, 2, NULL),
(83, 638, 0, 5, NULL),
(83, 639, 0, 4, NULL),
(83, 640, 0, 3, NULL),
(84, 646, 0, 5, NULL),
(84, 647, 0, 3, NULL),
(84, 648, 1, 1, NULL),
(84, 649, 0, 4, NULL),
(84, 650, 0, 2, NULL),
(85, 651, 0, 4, NULL),
(85, 652, 0, 1, NULL),
(85, 653, 0, 3, NULL),
(85, 654, 1, 2, NULL),
(85, 655, 0, 5, NULL),
(86, 656, 1, 1, NULL),
(86, 657, 0, 2, NULL),
(86, 658, 0, 5, NULL),
(86, 659, 0, 3, NULL),
(86, 660, 0, 4, NULL),
(87, 666, 0, 5, NULL),
(87, 667, 0, 1, NULL),
(87, 668, 1, 3, NULL),
(87, 669, 0, 4, NULL),
(87, 670, 0, 2, NULL),
(88, 671, 0, 1, NULL),
(88, 672, 0, 2, NULL),
(88, 673, 0, 4, NULL),
(88, 674, 1, 3, NULL),
(88, 675, 0, 5, NULL),
(91, 631, 1, 1, NULL),
(91, 632, 0, 3, NULL),
(91, 633, 0, 4, NULL),
(91, 634, 0, 5, NULL),
(91, 635, 0, 2, NULL),
(92, 626, 0, 2, NULL),
(92, 627, 0, 5, NULL),
(92, 628, 0, 4, NULL),
(92, 629, 0, 3, NULL),
(92, 630, 1, 1, NULL),
(93, 646, 0, 4, NULL),
(93, 647, 0, 2, NULL),
(93, 648, 1, 5, NULL),
(93, 649, 0, 1, NULL),
(93, 650, 0, 3, NULL),
(94, 636, 0, 5, NULL),
(94, 637, 1, 4, NULL),
(94, 638, 0, 3, NULL),
(94, 639, 0, 2, NULL),
(94, 640, 0, 1, NULL),
(95, 656, 0, 4, NULL),
(95, 657, 0, 3, NULL),
(95, 658, 1, 1, NULL),
(95, 659, 0, 2, NULL),
(95, 660, 0, 5, NULL),
(96, 651, 0, 5, NULL),
(96, 652, 0, 1, NULL),
(96, 653, 1, 3, NULL),
(96, 654, 0, 4, NULL),
(96, 655, 0, 2, NULL),
(97, 661, 0, 3, NULL),
(97, 662, 0, 2, NULL),
(97, 663, 1, 1, NULL),
(97, 664, 0, 5, NULL),
(97, 665, 0, 4, NULL),
(98, 666, 0, 3, NULL),
(98, 667, 0, 1, NULL),
(98, 668, 1, 4, NULL),
(98, 669, 0, 2, NULL),
(98, 670, 0, 5, NULL),
(101, 631, 0, 4, NULL),
(101, 632, 0, 1, NULL),
(101, 633, 1, 3, NULL),
(101, 634, 0, 2, NULL),
(101, 635, 0, 5, NULL),
(102, 626, 0, 4, NULL),
(102, 627, 0, 5, NULL),
(102, 628, 0, 2, NULL),
(102, 629, 0, 1, NULL),
(102, 630, 1, 3, NULL),
(103, 636, 0, 4, NULL),
(103, 637, 1, 3, NULL),
(103, 638, 0, 1, NULL),
(103, 639, 0, 5, NULL),
(103, 640, 0, 2, NULL),
(104, 641, 0, 4, NULL),
(104, 642, 1, 5, NULL),
(104, 643, 0, 3, NULL),
(104, 644, 0, 2, NULL),
(104, 645, 0, 1, NULL),
(105, 651, 0, 4, NULL),
(105, 652, 0, 5, NULL),
(105, 653, 0, 1, NULL),
(105, 654, 1, 3, NULL),
(105, 655, 0, 2, NULL),
(106, 656, 1, 4, NULL),
(106, 657, 0, 2, NULL),
(106, 658, 0, 5, NULL),
(106, 659, 0, 1, NULL),
(106, 660, 0, 3, NULL),
(107, 666, 0, 4, NULL),
(107, 667, 0, 2, NULL),
(107, 668, 1, 1, NULL),
(107, 669, 0, 3, NULL),
(107, 670, 0, 5, NULL),
(108, 671, 0, 4, NULL),
(108, 672, 0, 3, NULL),
(108, 673, 0, 1, NULL),
(108, 674, 1, 2, NULL),
(108, 675, 0, 5, NULL),
(111, 626, 0, 4, NULL),
(111, 627, 0, 2, NULL),
(111, 628, 1, 1, NULL),
(111, 629, 0, 5, NULL),
(111, 630, 0, 3, NULL),
(112, 646, 0, 1, NULL),
(112, 647, 0, 2, NULL),
(112, 648, 1, 5, NULL),
(112, 649, 0, 4, NULL),
(112, 650, 0, 3, NULL),
(113, 631, 0, 1, NULL),
(113, 632, 0, 5, NULL),
(113, 633, 1, 2, NULL),
(113, 634, 0, 4, NULL),
(113, 635, 0, 3, NULL),
(114, 641, 1, 4, NULL),
(114, 642, 0, 5, NULL),
(114, 643, 0, 1, NULL),
(114, 644, 0, 2, NULL),
(114, 645, 0, 3, NULL),
(115, 656, 0, 3, NULL),
(115, 657, 0, 4, NULL),
(115, 658, 1, 1, NULL),
(115, 659, 0, 2, NULL),
(115, 660, 0, 5, NULL),
(116, 651, 0, 4, NULL),
(116, 652, 0, 1, NULL),
(116, 653, 1, 2, NULL),
(116, 654, 0, 3, NULL),
(116, 655, 0, 5, NULL),
(117, 671, 0, 5, NULL),
(117, 672, 0, 2, NULL),
(117, 673, 0, 3, NULL),
(117, 674, 1, 4, NULL),
(117, 675, 0, 1, NULL),
(118, 666, 0, 2, NULL),
(118, 667, 0, 3, NULL),
(118, 668, 1, 5, NULL),
(118, 669, 0, 1, NULL),
(118, 670, 0, 4, NULL);

-- --------------------------------------------------------

--
-- Struktur dari tabel `cbt_tes_token`
--

CREATE TABLE `cbt_tes_token` (
  `token_id` int(11) NOT NULL,
  `token_isi` varchar(20) NOT NULL,
  `token_user_id` int(11) NOT NULL,
  `token_ts` timestamp NOT NULL DEFAULT current_timestamp(),
  `token_aktif` int(11) NOT NULL DEFAULT 1 COMMENT 'Umur Token dalam menit, 1 = 1 hari penuh',
  `token_tes_id` bigint(20) NOT NULL DEFAULT 0
) ENGINE=InnoDB DEFAULT CHARSET=latin1;

-- --------------------------------------------------------

--
-- Struktur dari tabel `cbt_tes_topik_set`
--

CREATE TABLE `cbt_tes_topik_set` (
  `tset_id` bigint(20) UNSIGNED NOT NULL,
  `tset_tes_id` bigint(20) UNSIGNED NOT NULL,
  `tset_topik_id` bigint(20) UNSIGNED NOT NULL,
  `tset_tipe` smallint(6) NOT NULL DEFAULT 1,
  `tset_difficulty` smallint(6) NOT NULL DEFAULT 1,
  `tset_jumlah` smallint(6) NOT NULL DEFAULT 1,
  `tset_jawaban` smallint(6) NOT NULL DEFAULT 0,
  `tset_acak_jawaban` int(11) NOT NULL DEFAULT 1,
  `tset_acak_soal` int(11) NOT NULL DEFAULT 1
) ENGINE=InnoDB DEFAULT CHARSET=utf8 COLLATE=utf8_unicode_ci;

--
-- Dumping data untuk tabel `cbt_tes_topik_set`
--

INSERT INTO `cbt_tes_topik_set` (`tset_id`, `tset_tes_id`, `tset_topik_id`, `tset_tipe`, `tset_difficulty`, `tset_jumlah`, `tset_jawaban`, `tset_acak_jawaban`, `tset_acak_soal`) VALUES
(10, 7, 8, 0, 1, 4, 5, 1, 1),
(12, 7, 11, 0, 1, 2, 5, 1, 1),
(13, 7, 12, 0, 1, 2, 5, 1, 1),
(14, 7, 10, 0, 2, 2, 5, 1, 1),
(15, 8, 8, 0, 1, 4, 5, 1, 1),
(16, 8, 10, 0, 1, 2, 5, 1, 1),
(17, 8, 11, 0, 1, 2, 5, 1, 1),
(18, 8, 12, 0, 1, 2, 5, 1, 1);

-- --------------------------------------------------------

--
-- Struktur dari tabel `cbt_tes_user`
--

CREATE TABLE `cbt_tes_user` (
  `tesuser_id` bigint(20) UNSIGNED NOT NULL,
  `tesuser_tes_id` bigint(20) UNSIGNED NOT NULL,
  `tesuser_user_id` bigint(20) UNSIGNED NOT NULL,
  `tesuser_status` smallint(5) UNSIGNED NOT NULL DEFAULT 0,
  `tesuser_creation_time` datetime NOT NULL,
  `tesuser_comment` text COLLATE utf8_unicode_ci DEFAULT NULL,
  `tesuser_token` varchar(10) COLLATE utf8_unicode_ci DEFAULT NULL
) ENGINE=InnoDB DEFAULT CHARSET=utf8 COLLATE=utf8_unicode_ci;

--
-- Dumping data untuk tabel `cbt_tes_user`
--

INSERT INTO `cbt_tes_user` (`tesuser_id`, `tesuser_tes_id`, `tesuser_user_id`, `tesuser_status`, `tesuser_creation_time`, `tesuser_comment`, `tesuser_token`) VALUES
(7, 7, 3, 4, '2022-07-26 08:21:20', NULL, '86130D'),
(8, 7, 4, 4, '2022-07-26 08:25:40', NULL, '86130D'),
(9, 8, 7, 4, '2022-07-26 08:28:03', NULL, '86130D'),
(10, 8, 10, 4, '2022-07-26 08:31:29', NULL, '86130D'),
(11, 8, 8, 4, '2022-07-26 09:16:50', NULL, '86130D'),
(12, 8, 9, 4, '2022-07-26 09:20:29', NULL, '86130D');

-- --------------------------------------------------------

--
-- Struktur dari tabel `cbt_topik`
--

CREATE TABLE `cbt_topik` (
  `topik_id` bigint(20) UNSIGNED NOT NULL,
  `topik_modul_id` bigint(20) UNSIGNED NOT NULL DEFAULT 1,
  `topik_nama` varchar(255) COLLATE utf8_unicode_ci NOT NULL,
  `topik_detail` text COLLATE utf8_unicode_ci DEFAULT NULL,
  `topik_aktif` tinyint(1) NOT NULL DEFAULT 0
) ENGINE=InnoDB DEFAULT CHARSET=utf8 COLLATE=utf8_unicode_ci;

--
-- Dumping data untuk tabel `cbt_topik`
--

INSERT INTO `cbt_topik` (`topik_id`, `topik_modul_id`, `topik_nama`, `topik_detail`, `topik_aktif`) VALUES
(8, 9, 'Psikotes Aritmatika', 'Soal Psikotes Logika Aritmatika', 1),
(10, 9, 'Matematika', 'Soal Matematika', 1),
(11, 9, 'Bahasa Inggris', 'Soal Bahasa Inggris', 1),
(12, 9, 'Psikotes Gambar', 'Soal Psikotes Gambar', 1);

-- --------------------------------------------------------

--
-- Struktur dari tabel `cbt_user`
--

CREATE TABLE `cbt_user` (
  `user_id` bigint(20) UNSIGNED NOT NULL,
  `user_grup_id` bigint(20) UNSIGNED NOT NULL,
  `user_name` varchar(255) COLLATE utf8_unicode_ci NOT NULL,
  `user_password` varchar(255) COLLATE utf8_unicode_ci NOT NULL,
  `user_email` varchar(255) COLLATE utf8_unicode_ci DEFAULT NULL,
  `user_regdate` timestamp NOT NULL DEFAULT current_timestamp(),
  `user_ip` varchar(39) COLLATE utf8_unicode_ci DEFAULT NULL,
  `user_firstname` varchar(255) COLLATE utf8_unicode_ci DEFAULT NULL,
  `user_birthdate` date DEFAULT NULL,
  `user_birthplace` varchar(255) COLLATE utf8_unicode_ci DEFAULT NULL,
  `user_level` smallint(3) UNSIGNED NOT NULL DEFAULT 1,
  `user_detail` varchar(25) COLLATE utf8_unicode_ci DEFAULT NULL
) ENGINE=InnoDB DEFAULT CHARSET=utf8 COLLATE=utf8_unicode_ci;

--
-- Dumping data untuk tabel `cbt_user`
--

INSERT INTO `cbt_user` (`user_id`, `user_grup_id`, `user_name`, `user_password`, `user_email`, `user_regdate`, `user_ip`, `user_firstname`, `user_birthdate`, `user_birthplace`, `user_level`, `user_detail`) VALUES
(3, 6, 'budi', 'budi', 'budi@gmail.com', '2022-07-25 15:58:16', NULL, 'Budiawan', NULL, NULL, 1, 'Ruang 1, Sesi 1'),
(4, 6, 'eri', 'eri', 'erika@gmail.com', '2022-07-25 15:58:43', NULL, 'Erika', NULL, NULL, 1, 'Ruang 1, Sesi 1'),
(5, 6, 'lilo', 'lilo', 'lilo@gmail.com', '2022-07-25 15:59:18', NULL, 'Lilonio', NULL, NULL, 1, 'Ruang 1, Sesi 2'),
(6, 6, 'nana', 'nana', 'nana@gmail.com', '2022-07-25 15:59:44', NULL, 'Natasya', NULL, NULL, 1, 'Ruang 1, Sesi 2'),
(7, 7, 'galih', 'galih', 'galih@gmail.com', '2022-07-25 16:00:26', NULL, 'Galih', NULL, NULL, 1, 'Ruang 2, Sesi 1'),
(8, 7, 'wira', 'wira', 'wira@gmail.com', '2022-07-25 16:01:05', NULL, 'Wirawan', NULL, NULL, 1, 'Ruang 2, Sesi 1'),
(9, 7, 'yesa', 'yesa', 'yesa@gmail.com', '2022-07-25 16:01:32', NULL, 'Yesa', NULL, NULL, 1, 'Ruang 2, Sesi 2'),
(10, 7, 'yuna', 'yuna', 'yuna@gmail.com', '2022-07-25 16:02:06', NULL, 'Yuna', NULL, NULL, 1, 'Ruang 2, Sesi 2');

-- --------------------------------------------------------

--
-- Struktur dari tabel `cbt_user_grup`
--

CREATE TABLE `cbt_user_grup` (
  `grup_id` bigint(20) UNSIGNED NOT NULL,
  `grup_nama` varchar(255) COLLATE utf8_unicode_ci NOT NULL
) ENGINE=InnoDB DEFAULT CHARSET=utf8 COLLATE=utf8_unicode_ci;

--
-- Dumping data untuk tabel `cbt_user_grup`
--

INSERT INTO `cbt_user_grup` (`grup_id`, `grup_nama`) VALUES
(6, 'Batch 1 2022'),
(7, 'Batch 2 2022');

-- --------------------------------------------------------

--
-- Struktur dari tabel `user`
--

CREATE TABLE `user` (
  `id` int(11) NOT NULL,
  `username` varchar(100) NOT NULL,
  `password` varchar(255) NOT NULL,
  `nama` varchar(150) NOT NULL,
  `opsi1` varchar(75) NOT NULL,
  `opsi2` varchar(75) NOT NULL,
  `keterangan` varchar(150) NOT NULL,
  `level` varchar(50) NOT NULL,
  `ts` timestamp NOT NULL DEFAULT current_timestamp()
) ENGINE=InnoDB DEFAULT CHARSET=latin1;

--
-- Dumping data untuk tabel `user`
--

INSERT INTO `user` (`id`, `username`, `password`, `nama`, `opsi1`, `opsi2`, `keterangan`, `level`, `ts`) VALUES
(1, 'admin', 'd033e22ae348aeb5660fc2140aec35850c4da997', 'Salsa', '', '', '', 'admin', '2015-07-29 18:12:03'),
(4, 'soal', '1897f9b36ae31c995561d8c446c1b398018f39e0', 'Operator Soal', '', '', 'Operator Soal', 'operator-soal', '2018-03-30 12:58:55'),
(6, 'tes', 'd1c056a983786a38ca76a05cda240c7b86d77136', 'Operator Tes', '', '', 'Operator Tes', 'operator-tes', '2022-07-25 16:13:39');

-- --------------------------------------------------------

--
-- Struktur dari tabel `user_akses`
--

CREATE TABLE `user_akses` (
  `id` int(11) NOT NULL,
  `level` varchar(75) NOT NULL,
  `kode_menu` varchar(50) NOT NULL,
  `add` int(2) NOT NULL DEFAULT 1 COMMENT '0=false, 1=true',
  `edit` int(2) NOT NULL DEFAULT 1 COMMENT '0=false, 1=true'
) ENGINE=InnoDB DEFAULT CHARSET=latin1;

--
-- Dumping data untuk tabel `user_akses`
--

INSERT INTO `user_akses` (`id`, `level`, `kode_menu`, `add`, `edit`) VALUES
(519, 'admin', 'peserta-kartu', 1, 1),
(520, 'admin', 'peserta-group', 1, 1),
(521, 'admin', 'peserta-daftar', 1, 1),
(522, 'admin', 'modul-daftar', 1, 1),
(523, 'admin', 'tes-daftar', 1, 1),
(524, 'admin', 'tool-backup', 1, 1),
(525, 'admin', 'modul-filemanager', 1, 1),
(526, 'admin', 'tes-hasil', 1, 1),
(527, 'admin', 'user-zyacbt', 1, 1),
(528, 'admin', 'user_level', 1, 1),
(529, 'admin', 'user_menu', 1, 1),
(530, 'admin', 'user_atur', 1, 1),
(531, 'admin', 'tes-rekap', 1, 1),
(532, 'admin', 'modul-soal', 1, 1),
(533, 'admin', 'tes-tambah', 1, 1),
(534, 'admin', 'tes-token', 1, 1),
(535, 'admin', 'modul-topik', 1, 1),
(536, 'operator-soal', 'modul-daftar', 1, 1),
(537, 'operator-soal', 'modul-filemanager', 1, 1),
(538, 'operator-soal', 'modul-soal', 1, 1),
(539, 'operator-soal', 'modul-topik', 1, 1),
(540, 'operator-tes', 'tes-hasil', 1, 1),
(541, 'operator-tes', 'tes-token', 1, 1);

-- --------------------------------------------------------

--
-- Struktur dari tabel `user_level`
--

CREATE TABLE `user_level` (
  `id` int(11) NOT NULL,
  `level` varchar(50) NOT NULL,
  `keterangan` varchar(100) DEFAULT NULL
) ENGINE=InnoDB DEFAULT CHARSET=latin1;

--
-- Dumping data untuk tabel `user_level`
--

INSERT INTO `user_level` (`id`, `level`, `keterangan`) VALUES
(1, 'admin', 'Administrator'),
(7, 'operator-soal', 'Operator Soal'),
(8, 'operator-tes', 'Operator Tes');

-- --------------------------------------------------------

--
-- Struktur dari tabel `user_log`
--

CREATE TABLE `user_log` (
  `id` int(11) NOT NULL,
  `username` varchar(100) NOT NULL,
  `log` varchar(250) NOT NULL,
  `ts` timestamp NOT NULL DEFAULT current_timestamp()
) ENGINE=InnoDB DEFAULT CHARSET=latin1;

-- --------------------------------------------------------

--
-- Struktur dari tabel `user_menu`
--

CREATE TABLE `user_menu` (
  `id` int(11) NOT NULL,
  `tipe` int(11) NOT NULL DEFAULT 1 COMMENT '0=parent, 1=child',
  `parent` varchar(50) DEFAULT NULL,
  `kode_menu` varchar(50) NOT NULL,
  `nama_menu` varchar(100) NOT NULL,
  `url` varchar(150) NOT NULL DEFAULT '#',
  `icon` varchar(75) NOT NULL DEFAULT 'fa fa-circle-o',
  `urutan` int(11) NOT NULL
) ENGINE=InnoDB DEFAULT CHARSET=latin1;

--
-- Dumping data untuk tabel `user_menu`
--

INSERT INTO `user_menu` (`id`, `tipe`, `parent`, `kode_menu`, `nama_menu`, `url`, `icon`, `urutan`) VALUES
(1, 0, '', 'user', 'Pengaturan', '#', 'fa fa-user', 20),
(3, 1, 'user', 'user_atur', 'Pengaturan User', 'manager/useratur', 'fa fa-circle-o', 5),
(4, 1, 'user', 'user_level', 'Pengaturan Level', 'manager/userlevel', 'fa fa-circle-o', 6),
(5, 1, 'user', 'user_menu', 'Pengaturan Menu', 'manager/usermenu', 'fa fa-circle-o', 7),
(6, 0, '', 'modul', 'Data Modul', '#', 'fa fa-book', 2),
(7, 1, 'modul', 'modul-daftar', 'Daftar Soal', 'manager/modul_daftar', 'fa fa-circle-o', 5),
(8, 1, 'modul', 'modul-topik', 'Topik', 'manager/modul_topik', 'fa fa-circle-o', 2),
(10, 0, '', 'peserta', 'Data Peserta', '#', 'fa fa-users', 1),
(11, 1, 'peserta', 'peserta-daftar', 'Daftar Peserta', 'manager/peserta_daftar', 'fa fa-circle-o', 2),
(12, 1, 'peserta', 'peserta-group', 'Daftar Group', 'manager/peserta_group', 'fa fa-circle-o', 1),
(13, 1, 'peserta', 'peserta-import', 'Import Data Peserta', 'manager/peserta_import', 'fa fa-circle-o', 3),
(14, 0, '', 'tes', 'Data Tes', '#', 'fa fa-tasks', 7),
(15, 1, 'tes', 'tes-tambah', 'Tambah Tes', 'manager/tes_tambah', 'fa fa-circle-o', 1),
(16, 1, 'tes', 'tes-daftar', 'Daftar Tes', 'manager/tes_daftar', 'fa fa-circle-o', 2),
(17, 1, 'tes', 'tes-hasil', 'Hasil Tes', 'manager/tes_hasil', 'fa fa-circle-o', 6),
(18, 1, 'modul', 'modul-soal', 'Soal', 'manager/modul_soal', 'fa fa-circle-o', 3),
(19, 1, 'tes', 'tes-token', 'Token', 'manager/tes_token', 'fa fa-circle-o', 8),
(22, 1, 'modul', 'modul-filemanager', 'File Manager', 'manager/modul_filemanager', 'fa fa-circle-o', 6),
(24, 1, 'modul', 'modul-import', 'Import Soal', 'manager/modul_import', 'fa fa-circle-o', 4),
(25, 1, 'tes', 'tes-evaluasi', 'Evaluasi Tes', 'manager/tes_evaluasi', 'fa fa-circle-o', 5),
(28, 1, 'tes', 'tes-hasil-operator', 'Hasil Tes Operator', 'manager/tes_hasil_operator', 'fa fa-circle-o', 10),
(30, 0, '', 'tool', 'Tool', '#', 'fa fa-wrench', 5),
(31, 1, 'tool', 'tool-backup', 'Database', 'manager/tool_backup', 'fa fa-database', 1),
(32, 1, 'tes', 'tes-rekap', 'Rekap Hasil Tes', 'manager/tes_rekap_hasil', 'fa fa-circle-o', 7),
(33, 1, 'tool', 'tool-exportimport-soal', 'Export / Import Soal', 'manager/tool_exportimport_soal', 'fa fa-circle-o', 2),
(34, 1, 'user', 'user-zyacbt', 'Pengaturan Aplikasi', 'manager/pengaturan_zyacbt', 'fa fa-circle-o', 1),
(37, 1, 'peserta', 'peserta-kartu', 'Cetak Kartu', 'manager/peserta_kartu', 'fa fa-circle-o', 5);
(38, 1, 'tes', 'tes-wawancara', 'Tes Wawancara', 'manager/tes_wawancara', 'fa fa-circle-o', 10);

--
-- Indexes for dumped tables
--

--
-- Indeks untuk tabel `cbt_jawaban`
--
ALTER TABLE `cbt_jawaban`
  ADD PRIMARY KEY (`jawaban_id`),
  ADD KEY `p_answer_question_id` (`jawaban_soal_id`);

--
-- Indeks untuk tabel `cbt_konfigurasi`
--
ALTER TABLE `cbt_konfigurasi`
  ADD PRIMARY KEY (`konfigurasi_id`),
  ADD UNIQUE KEY `konfigurasi_kode` (`konfigurasi_kode`);

--
-- Indeks untuk tabel `cbt_modul`
--
ALTER TABLE `cbt_modul`
  ADD PRIMARY KEY (`modul_id`),
  ADD UNIQUE KEY `ak_module_name` (`modul_nama`);

--
-- Indeks untuk tabel `cbt_sessions`
--
ALTER TABLE `cbt_sessions`
  ADD KEY `ci_sessions_timestamp` (`timestamp`);

--
-- Indeks untuk tabel `cbt_soal`
--
ALTER TABLE `cbt_soal`
  ADD PRIMARY KEY (`soal_id`),
  ADD KEY `p_question_subject_id` (`soal_topik_id`);

--
-- Indeks untuk tabel `cbt_tes`
--
ALTER TABLE `cbt_tes`
  ADD PRIMARY KEY (`tes_id`),
  ADD UNIQUE KEY `ak_test_name` (`tes_nama`);

--
-- Indeks untuk tabel `cbt_tesgrup`
--
ALTER TABLE `cbt_tesgrup`
  ADD PRIMARY KEY (`tstgrp_tes_id`,`tstgrp_grup_id`),
  ADD KEY `p_tstgrp_test_id` (`tstgrp_tes_id`),
  ADD KEY `p_tstgrp_group_id` (`tstgrp_grup_id`);

--
-- Indeks untuk tabel `cbt_tes_soal`
--
ALTER TABLE `cbt_tes_soal`
  ADD PRIMARY KEY (`tessoal_id`),
  ADD UNIQUE KEY `ak_testuser_question` (`tessoal_tesuser_id`,`tessoal_soal_id`),
  ADD KEY `p_testlog_question_id` (`tessoal_soal_id`),
  ADD KEY `p_testlog_testuser_id` (`tessoal_tesuser_id`);

--
-- Indeks untuk tabel `cbt_tes_soal_jawaban`
--
ALTER TABLE `cbt_tes_soal_jawaban`
  ADD PRIMARY KEY (`soaljawaban_tessoal_id`,`soaljawaban_jawaban_id`),
  ADD KEY `p_logansw_answer_id` (`soaljawaban_jawaban_id`),
  ADD KEY `p_logansw_testlog_id` (`soaljawaban_tessoal_id`);

--
-- Indeks untuk tabel `cbt_tes_token`
--
ALTER TABLE `cbt_tes_token`
  ADD PRIMARY KEY (`token_id`),
  ADD KEY `token_user_id` (`token_user_id`);

--
-- Indeks untuk tabel `cbt_tes_topik_set`
--
ALTER TABLE `cbt_tes_topik_set`
  ADD PRIMARY KEY (`tset_id`),
  ADD KEY `p_tsubset_test_id` (`tset_tes_id`),
  ADD KEY `tsubset_subject_id` (`tset_topik_id`);

--
-- Indeks untuk tabel `cbt_tes_user`
--
ALTER TABLE `cbt_tes_user`
  ADD PRIMARY KEY (`tesuser_id`),
  ADD UNIQUE KEY `ak_testuser` (`tesuser_tes_id`,`tesuser_user_id`,`tesuser_status`),
  ADD KEY `p_testuser_user_id` (`tesuser_user_id`),
  ADD KEY `p_testuser_test_id` (`tesuser_tes_id`);

--
-- Indeks untuk tabel `cbt_topik`
--
ALTER TABLE `cbt_topik`
  ADD PRIMARY KEY (`topik_id`),
  ADD UNIQUE KEY `ak_subject_name` (`topik_modul_id`,`topik_nama`);

--
-- Indeks untuk tabel `cbt_user`
--
ALTER TABLE `cbt_user`
  ADD PRIMARY KEY (`user_id`),
  ADD UNIQUE KEY `ak_user_name` (`user_name`),
  ADD KEY `user_groups_id` (`user_grup_id`),
  ADD KEY `user_detail` (`user_detail`);

--
-- Indeks untuk tabel `cbt_user_grup`
--
ALTER TABLE `cbt_user_grup`
  ADD PRIMARY KEY (`grup_id`),
  ADD UNIQUE KEY `group_name` (`grup_nama`);

--
-- Indeks untuk tabel `user`
--
ALTER TABLE `user`
  ADD PRIMARY KEY (`id`),
  ADD UNIQUE KEY `username` (`username`),
  ADD KEY `level` (`level`);

--
-- Indeks untuk tabel `user_akses`
--
ALTER TABLE `user_akses`
  ADD PRIMARY KEY (`id`),
  ADD KEY `akses_kode_menu` (`kode_menu`),
  ADD KEY `akses_level` (`level`);

--
-- Indeks untuk tabel `user_level`
--
ALTER TABLE `user_level`
  ADD PRIMARY KEY (`id`),
  ADD UNIQUE KEY `level` (`level`);

--
-- Indeks untuk tabel `user_log`
--
ALTER TABLE `user_log`
  ADD PRIMARY KEY (`id`);

--
-- Indeks untuk tabel `user_menu`
--
ALTER TABLE `user_menu`
  ADD PRIMARY KEY (`id`),
  ADD UNIQUE KEY `kode_menu` (`kode_menu`);

--
-- AUTO_INCREMENT untuk tabel yang dibuang
--

--
-- AUTO_INCREMENT untuk tabel `cbt_jawaban`
--
ALTER TABLE `cbt_jawaban`
  MODIFY `jawaban_id` bigint(20) UNSIGNED NOT NULL AUTO_INCREMENT, AUTO_INCREMENT=676;

--
-- AUTO_INCREMENT untuk tabel `cbt_konfigurasi`
--
ALTER TABLE `cbt_konfigurasi`
  MODIFY `konfigurasi_id` int(11) NOT NULL AUTO_INCREMENT, AUTO_INCREMENT=5;

--
-- AUTO_INCREMENT untuk tabel `cbt_modul`
--
ALTER TABLE `cbt_modul`
  MODIFY `modul_id` bigint(20) UNSIGNED NOT NULL AUTO_INCREMENT, AUTO_INCREMENT=10;

--
-- AUTO_INCREMENT untuk tabel `cbt_soal`
--
ALTER TABLE `cbt_soal`
  MODIFY `soal_id` bigint(20) UNSIGNED NOT NULL AUTO_INCREMENT, AUTO_INCREMENT=236;

--
-- AUTO_INCREMENT untuk tabel `cbt_tes`
--
ALTER TABLE `cbt_tes`
  MODIFY `tes_id` bigint(20) UNSIGNED NOT NULL AUTO_INCREMENT, AUTO_INCREMENT=10;

--
-- AUTO_INCREMENT untuk tabel `cbt_tes_soal`
--
ALTER TABLE `cbt_tes_soal`
  MODIFY `tessoal_id` bigint(20) UNSIGNED NOT NULL AUTO_INCREMENT, AUTO_INCREMENT=121;

--
-- AUTO_INCREMENT untuk tabel `cbt_tes_token`
--
ALTER TABLE `cbt_tes_token`
  MODIFY `token_id` int(11) NOT NULL AUTO_INCREMENT, AUTO_INCREMENT=28;

--
-- AUTO_INCREMENT untuk tabel `cbt_tes_topik_set`
--
ALTER TABLE `cbt_tes_topik_set`
  MODIFY `tset_id` bigint(20) UNSIGNED NOT NULL AUTO_INCREMENT, AUTO_INCREMENT=19;

--
-- AUTO_INCREMENT untuk tabel `cbt_tes_user`
--
ALTER TABLE `cbt_tes_user`
  MODIFY `tesuser_id` bigint(20) UNSIGNED NOT NULL AUTO_INCREMENT, AUTO_INCREMENT=13;

--
-- AUTO_INCREMENT untuk tabel `cbt_topik`
--
ALTER TABLE `cbt_topik`
  MODIFY `topik_id` bigint(20) UNSIGNED NOT NULL AUTO_INCREMENT, AUTO_INCREMENT=13;

--
-- AUTO_INCREMENT untuk tabel `cbt_user`
--
ALTER TABLE `cbt_user`
  MODIFY `user_id` bigint(20) UNSIGNED NOT NULL AUTO_INCREMENT, AUTO_INCREMENT=11;

--
-- AUTO_INCREMENT untuk tabel `cbt_user_grup`
--
ALTER TABLE `cbt_user_grup`
  MODIFY `grup_id` bigint(20) UNSIGNED NOT NULL AUTO_INCREMENT, AUTO_INCREMENT=8;

--
-- AUTO_INCREMENT untuk tabel `user`
--
ALTER TABLE `user`
  MODIFY `id` int(11) NOT NULL AUTO_INCREMENT, AUTO_INCREMENT=7;

--
-- AUTO_INCREMENT untuk tabel `user_akses`
--
ALTER TABLE `user_akses`
  MODIFY `id` int(11) NOT NULL AUTO_INCREMENT, AUTO_INCREMENT=542;

--
-- AUTO_INCREMENT untuk tabel `user_level`
--
ALTER TABLE `user_level`
  MODIFY `id` int(11) NOT NULL AUTO_INCREMENT, AUTO_INCREMENT=9;

--
-- AUTO_INCREMENT untuk tabel `user_log`
--
ALTER TABLE `user_log`
  MODIFY `id` int(11) NOT NULL AUTO_INCREMENT;

--
-- AUTO_INCREMENT untuk tabel `user_menu`
--
ALTER TABLE `user_menu`
  MODIFY `id` int(11) NOT NULL AUTO_INCREMENT, AUTO_INCREMENT=38;

--
-- Ketidakleluasaan untuk tabel pelimpahan (Dumped Tables)
--

--
-- Ketidakleluasaan untuk tabel `cbt_jawaban`
--
ALTER TABLE `cbt_jawaban`
  ADD CONSTRAINT `cbt_jawaban_ibfk_1` FOREIGN KEY (`jawaban_soal_id`) REFERENCES `cbt_soal` (`soal_id`) ON DELETE CASCADE ON UPDATE NO ACTION;

--
-- Ketidakleluasaan untuk tabel `cbt_soal`
--
ALTER TABLE `cbt_soal`
  ADD CONSTRAINT `cbt_soal_ibfk_1` FOREIGN KEY (`soal_topik_id`) REFERENCES `cbt_topik` (`topik_id`) ON DELETE CASCADE ON UPDATE NO ACTION;

--
-- Ketidakleluasaan untuk tabel `cbt_tesgrup`
--
ALTER TABLE `cbt_tesgrup`
  ADD CONSTRAINT `cbt_tesgrup_ibfk_1` FOREIGN KEY (`tstgrp_tes_id`) REFERENCES `cbt_tes` (`tes_id`) ON DELETE CASCADE ON UPDATE NO ACTION,
  ADD CONSTRAINT `cbt_tesgrup_ibfk_2` FOREIGN KEY (`tstgrp_grup_id`) REFERENCES `cbt_user_grup` (`grup_id`) ON DELETE CASCADE ON UPDATE NO ACTION;

--
-- Ketidakleluasaan untuk tabel `cbt_tes_soal`
--
ALTER TABLE `cbt_tes_soal`
  ADD CONSTRAINT `cbt_tes_soal_ibfk_1` FOREIGN KEY (`tessoal_tesuser_id`) REFERENCES `cbt_tes_user` (`tesuser_id`) ON DELETE CASCADE ON UPDATE NO ACTION,
  ADD CONSTRAINT `cbt_tes_soal_ibfk_2` FOREIGN KEY (`tessoal_soal_id`) REFERENCES `cbt_soal` (`soal_id`) ON UPDATE NO ACTION;

--
-- Ketidakleluasaan untuk tabel `cbt_tes_soal_jawaban`
--
ALTER TABLE `cbt_tes_soal_jawaban`
  ADD CONSTRAINT `cbt_tes_soal_jawaban_ibfk_1` FOREIGN KEY (`soaljawaban_tessoal_id`) REFERENCES `cbt_tes_soal` (`tessoal_id`) ON DELETE CASCADE ON UPDATE NO ACTION,
  ADD CONSTRAINT `cbt_tes_soal_jawaban_ibfk_2` FOREIGN KEY (`soaljawaban_jawaban_id`) REFERENCES `cbt_jawaban` (`jawaban_id`) ON UPDATE NO ACTION;

--
-- Ketidakleluasaan untuk tabel `cbt_tes_token`
--
ALTER TABLE `cbt_tes_token`
  ADD CONSTRAINT `cbt_tes_token_ibfk_1` FOREIGN KEY (`token_user_id`) REFERENCES `user` (`id`) ON DELETE CASCADE ON UPDATE CASCADE;

--
-- Ketidakleluasaan untuk tabel `cbt_tes_topik_set`
--
ALTER TABLE `cbt_tes_topik_set`
  ADD CONSTRAINT `cbt_tes_topik_set_ibfk_1` FOREIGN KEY (`tset_tes_id`) REFERENCES `cbt_tes` (`tes_id`) ON DELETE CASCADE ON UPDATE NO ACTION,
  ADD CONSTRAINT `cbt_tes_topik_set_ibfk_2` FOREIGN KEY (`tset_topik_id`) REFERENCES `cbt_topik` (`topik_id`) ON UPDATE NO ACTION;

--
-- Ketidakleluasaan untuk tabel `cbt_tes_user`
--
ALTER TABLE `cbt_tes_user`
  ADD CONSTRAINT `cbt_tes_user_ibfk_1` FOREIGN KEY (`tesuser_tes_id`) REFERENCES `cbt_tes` (`tes_id`) ON DELETE CASCADE,
  ADD CONSTRAINT `cbt_tes_user_ibfk_2` FOREIGN KEY (`tesuser_user_id`) REFERENCES `cbt_user` (`user_id`) ON DELETE CASCADE ON UPDATE NO ACTION;

--
-- Ketidakleluasaan untuk tabel `cbt_topik`
--
ALTER TABLE `cbt_topik`
  ADD CONSTRAINT `cbt_topik_ibfk_1` FOREIGN KEY (`topik_modul_id`) REFERENCES `cbt_modul` (`modul_id`) ON DELETE CASCADE ON UPDATE NO ACTION;

--
-- Ketidakleluasaan untuk tabel `cbt_user`
--
ALTER TABLE `cbt_user`
  ADD CONSTRAINT `cbt_user_ibfk_1` FOREIGN KEY (`user_grup_id`) REFERENCES `cbt_user_grup` (`grup_id`) ON DELETE CASCADE ON UPDATE NO ACTION;

--
-- Ketidakleluasaan untuk tabel `user`
--
ALTER TABLE `user`
  ADD CONSTRAINT `user_ibfk_1` FOREIGN KEY (`level`) REFERENCES `user_level` (`level`) ON DELETE CASCADE ON UPDATE CASCADE;

--
-- Ketidakleluasaan untuk tabel `user_akses`
--
ALTER TABLE `user_akses`
  ADD CONSTRAINT `user_akses_ibfk_2` FOREIGN KEY (`kode_menu`) REFERENCES `user_menu` (`kode_menu`) ON DELETE CASCADE ON UPDATE CASCADE,
  ADD CONSTRAINT `user_akses_ibfk_3` FOREIGN KEY (`level`) REFERENCES `user_level` (`level`) ON DELETE CASCADE ON UPDATE CASCADE;
COMMIT;

/*!40101 SET CHARACTER_SET_CLIENT=@OLD_CHARACTER_SET_CLIENT */;
/*!40101 SET CHARACTER_SET_RESULTS=@OLD_CHARACTER_SET_RESULTS */;
/*!40101 SET COLLATION_CONNECTION=@OLD_COLLATION_CONNECTION */;
